<?xml version="1.0" encoding="UTF-8"?>
<project-private xmlns="http://www.netbeans.org/ns/project-private/1">
    <editor-bookmarks xmlns="http://www.netbeans.org/ns/editor-bookmarks/2" lastBookmarkId="0"/>
    <open-files xmlns="http://www.netbeans.org/ns/projectui-open-files/2">
        <group>
            <file>file:/C:/Users/kerim.KERIMPC/Documents/NetBeansProjects/RegisterLogin/src/registerlogin/RegisterEkrani.java</file>
            <file>file:/C:/Users/kerim.KERIMPC/Documents/NetBeansProjects/RegisterLogin/test/registerlogin/SoruCozEkranTest.java</file>
            <file>file:/C:/Users/kerim.KERIMPC/Documents/NetBeansProjects/RegisterLogin/src/registerlogin/SoruCozEkran.java</file>
            <file>file:/C:/Users/kerim.KERIMPC/Documents/NetBeansProjects/RegisterLogin/src/registerlogin/AnaEkran.java</file>
            <file>file:/C:/Users/kerim.KERIMPC/Documents/NetBeansProjects/RegisterLogin/src/registerlogin/OgrenciEkran.java</file>
        </group>
    </open-files>
</project-private>
